{
 "愛知県長久手市市が洞一丁目401番地": [
  137.02897,
  35.16526
 ],
 "愛知県長久手市仲田1609番地": [
  137.03684,
  35.18017
 ],
 "愛知県長久手市池田61番地4": [
  137.03417,
  35.18811
 ],
 "愛知県長久手市市が洞二丁目801番地": [
  137.03041,
  35.16253
 ],
 "愛知県長久手市東原山46番地101": [
  137.0267,
  35.18771
 ],
 "愛知県長久手市山桶117番地": [
  137.03442,
  35.18331
 ],
 "愛知県長久手市坊の後1418番地": [
  137.03988,
  35.18104
 ],
 "愛知県長久手市杁ケ池1302番地": [
  137.03576,
  35.16931
 ],
 "愛知県長久手市片平二丁目9番地": [
  137.03134,
  35.15873
 ],
 "愛知県長久手市井堀208番地": [
  137.02744,
  35.17164
 ],
 "愛知県長久手市五合池1408番地": [
  137.03164,
  35.18159
 ],
 "愛知県長久手市菖蒲池1101番地": [
  137.03754,
  35.16389
 ],
 "愛知県長久手市桜作708番地": [
  137.03415,
  35.17942
 ],
 "愛知県長久手市山野田629番地": [
  137.04462,
  35.16596
 ]
}